Workbook

Sheet Secondary beams
A1: Loading arrangement (floor)
A2: LL | B2: Floor load | C2: 4
B3: SUM | C3: =C2 -> 4
A5: DL (kN/m^2) | B5: Tiles | C5: 0.7
B6: Slab
B7: Steel | C7: 0.3
B8: Partitions | C8: 1
B9: Services | C9: 1.4
B10: Ceiling | C10: 0.5
B11: SUM | C11: =SUM(C5:C10) -> 3.9
A17: Load on secondary beam (Internal) | E17: Load on secondary beam (External) | I17: Loads on secondary beam (external slanted) | M17: Load on secondary beam (Internal at slanted side)
A19: Tributary Area Internal (Square) | E19: Tributary Area Internal (Square) | I19: Tributary Area Edge (Triangle) | M19: Tributary Area Internal (triangle)
A20: x | B20: 4.25 | C20: m | E20: x | F20: 2.75 | G20: m | I20: x | J20: 3.75 | K20: m | M20: x | N20: 3.75 | O20: m
A21: y | B21: 13.5 | C21: m | E21: y | F21: 13.5 | G21: m | I21: y | J21: 13.5 | K21: m | M21: y | N21: 13.5 | O21: m
A22: Area | B22: =B20*B21 -> 57.375 | C22: m^2 | E22: Area | F22: =F20*F21 -> 37.125 | G22: m^2 | I22: Area | J22: =(J20*J21/2)-(((J20/2)*J21)/2) -> 12.65625 | K22: m^2 | M22: Area | N22: =((N20/2)*N21)/2 -> 12.65625 | O22: m^2
A24: Load combinations | E24: Load combinations | I24: Load combinations | M24: Tributary Area Internal (Square)
A25: Gk | B25: 1.35 | E25: Gk | F25: 1.35 | I25: Gk | J25: 1.35 | M25: x | N25: 1.875 | O25: m
A26: Qk | B26: 1.5 | E26: Qk | F26: 1.5 | I26: Qk | J26: 1.5 | M26: y | N26: 13.5 | O26: m
A27: Wk | B27: 0.75 | E27: Wk | F27: 0.75 | I27: Wk | J27: 0.75 | M27: Area | N27: =N25*N26 -> 25.3125
M28: Load combinations
A29: Load on secondary beam | E29: Load on secondary beam | I29: Load on secondary beam | M29: Gk | N29: 1.35
A30: P | B30: =(B25*C11+B26*C3)*B22 -> 646.32938 | C30: kN | E30: P | F30: =F22*(F25*C11+F26*C3) -> 418.21313 | G30: kN | I30: P | J30: =(J25*C11+J26*C3)*J22 -> 142.57266 | K30: kN | M30: Qk | N30: 1.5
A31: wk | B31: =(B25*C11+B26*C3)*B20 -> 47.87625 | C31: kN / m | E31: wk | F31: =F20*(F25*C11+F26*C3) -> 30.97875 | G31: kN / m | I31: wk | J31: =(J25*C11+J26*C3)*J20/2 -> 21.121875 | K31: kN / m | M31: Wk | N31: 0.75
A32: Mmax | B32: =(B31*B21^2)/8 -> 1090.6808 | C32: kN*m | E32: Mmax | F32: =(F31*F21^2)/8 -> 705.73465 | G32: kN*m | I32: Mmax | J32: =J31*J21^2/8 -> 481.18271 | K32: kN*m
M33: Load on secondary beam
M34: P | N34: =(N29*C11+N30*C3)*N22+(N29*C11+N30*C3)*N27 -> 427.71797 | O34: kN
M35: wk | N35: =(N29*O11+N30*O3)*N20 -> 0 | O35: kN / m
M36: Mmax | N36: =(N35*N21^2)/8 -> 0 | O36: kN*m

Sheet Primary beams - Columns
A1: Loading on internal columns
A2: Load condition on Internal primary beams
A3: Point load | B3: =('Secondary beams'!B30)/2 -> 323.16469 | C3: kN
A5: Beam properties
A6: Length | B6: 8.5 | C6: m
A8: Load on primary beam
A9: Vmax | B9: =B3 -> 323.16469 | C9: kN
A10: Mmax | B10: =(B3*B6)/2 -> 1373.4499 | C10: kN*m
A12: Load condition Internal columns
A13: Load by secondary beam | C13: ='Secondary beams'!B30 -> 646.32938 | D13: kN
A14: Load by primary beam | C14: =(B3/2)*2 -> 323.16469 | D14: kN
A15: Total load | C15: =SUM(C13:C14) -> 969.49406 | D15: kN
A18: Loading on Corner columns (straight edge)
A19: Load condition on External primary beams
A20: Point Load | B20: ='Secondary beams'!B30/2 -> 323.16469 | C20: kN
A22: Load condition edge columns
A23: Load by secondary beam | B23: ='Secondary beams'!F30/2 -> 209.10656 | C23: kN
A24: Load by primary beam | B24: =B20/2 -> 161.58234 | C24: kN
A25: Total load | B25: =B23+B24 -> 370.68891 | C25: kN
A28: Loading on Corner columns (slanted edge)
A29: Load condition on External primary beams
A30: Point Load | B30: ='Secondary beams'!N34/2 -> 213.85898 | C30: kN
A32: Load condition edge columns
A33: Load by secondary beam | B33: ='Secondary beams'!J30/2 -> 71.286328 | C33: kN
A34: Load by primary beam | B34: =B30/2 -> 106.92949 | C34: kN
A35: Total load | B35: =B33+B34 -> 178.21582 | C35: kN
